{
  "y_true": [
    0,
    1,
    0,
    1,
    0,
    1,
    1,
    0,
    0,
    0,
    1,
    0,
    1,
    0,
    0,
    1,
    1,
    1,
    1,
    1,
    0,
    0,
    1,
    1,
    1,
    1,
    0,
    1,
    1,
    1,
    1,
    1,
    1,
    1,
    0,
    0,
    1,
    1,
    1,
    0,
    1,
    1,
    1,
    0,
    0,
    1,
    1,
    1,
    1,
    0,
    1,
    1,
    1,
    0,
    1,
    1,
    1,
    0,
    0,
    1,
    1,
    1,
    1,
    1,
    0,
    0,
    1,
    1,
    1,
    1,
    1,
    1,
    1,
    0,
    0,
    0,
    0,
    1,
    1,
    1,
    1,
    1,
    0,
    1,
    0,
    1,
    1,
    1,
    1,
    1,
    1,
    1,
    0,
    0,
    0,
    1,
    0,
    1,
    0,
    1,
    0,
    0,
    0,
    1,
    0,
    0,
    1,
    0,
    1,
    0,
    1,
    0,
    1,
    1
  ],
  "y_pred": [
    0,
    1,
    0,
    1,
    0,
    1,
    1,
    0,
    0,
    0,
    1,
    0,
    1,
    0,
    0,
    1,
    0,
    1,
    1,
    1,
    0,
    0,
    1,
    1,
    1,
    1,
    0,
    1,
    1,
    1,
    1,
    1,
    1,
    1,
    0,
    0,
    1,
    1,
    1,
    0,
    1,
    1,
    1,
    0,
    0,
    0,
    1,
    1,
    1,
    0,
    1,
    1,
    1,
    1,
    1,
    1,
    1,
    0,
    0,
    1,
    1,
    1,
    1,
    1,
    0,
    1,
    1,
    1,
    1,
    1,
    1,
    1,
    1,
    0,
    0,
    0,
    1,
    1,
    1,
    1,
    1,
    1,
    0,
    1,
    0,
    1,
    1,
    1,
    1,
    1,
    1,
    1,
    0,
    0,
    0,
    1,
    0,
    1,
    0,
    1,
    0,
    0,
    0,
    1,
    0,
    0,
    1,
    0,
    1,
    0,
    1,
    0,
    1,
    1
  ],
  "y_proba": [
    1.931912121283944e-12,
    0.9996481162551795,
    0.10739643651278986,
    0.6521577096580659,
    3.579049210948883e-12,
    0.9700711729890654,
    0.9956883018975314,
    3.0525052374038906e-06,
    9.283804535502484e-06,
    1.3378436160002167e-10,
    0.9972185920442913,
    0.005803867850286407,
    0.9976114606224142,
    1.7192922625477365e-06,
    0.000645947434861013,
    0.9664351338114198,
    0.2892352899533548,
    0.9787187582488309,
    0.9966055738725527,
    0.9343906794587044,
    0.012132533732752603,
    0.007268667943943916,
    0.9896802830777315,
    0.995556147012525,
    0.876114305379717,
    0.94187417637866,
    1.20429689335118e-16,
    0.9852883446860398,
    0.9866109474501105,
    0.8987181723792386,
    0.9158813509861758,
    0.9978900446787824,
    0.942161674790721,
    0.9992167673338184,
    3.353450911611986e-07,
    0.48258409469796676,
    0.9977810254886723,
    0.9983680746542971,
    0.8913405280251043,
    6.792793792346466e-08,
    0.9931365280659457,
    0.9987976526520499,
    0.9689834040079306,
    1.363926793713299e-14,
    0.0025245390327270968,
    0.49223306835954833,
    0.9994916116740327,
    0.9988396447859186,
    0.9924790764705397,
    0.0007646800443241799,
    0.9957558535231555,
    0.6940929467970457,
    0.9992483455146838,
    0.7708241346077739,
    0.9829571088325223,
    0.9970778133418962,
    0.9996130370868151,
    0.00034165116903832327,
    1.039645247947926e-10,
    0.9788077228621981,
    0.9712636683763397,
    0.9986662354406428,
    0.9989706550186154,
    0.9637895730362798,
    2.031156676683995e-09,
    0.8303197097992515,
    0.8636294435786174,
    0.9936726342773072,
    0.8614585026387669,
    0.9548304412356933,
    0.9796918754707267,
    0.984501526104999,
    0.9997290468568462,
    1.7432759348545825e-07,
    0.003409157216268867,
    2.8527899534184744e-07,
    0.5096418673657142,
    0.99718340350983,
    0.9935517095923008,
    0.9935224968341296,
    0.7956169189284229,
    0.9969101442767503,
    5.055659807700752e-10,
    0.9992990189257287,
    0.24394969083258414,
    0.9952824045240308,
    0.9878418455913256,
    0.9547042050630927,
    0.8422629158431897,
    0.9437887851992142,
    0.9059017923276106,
    0.9803944925627462,
    3.133441084350464e-08,
    5.315950972115601e-06,
    0.0015055300947183884,
    0.9999251177206402,
    1.739405377751591e-08,
    0.9966912677471074,
    9.908576008023152e-07,
    0.8135510006004567,
    4.940484340931369e-06,
    4.058407041808407e-16,
    0.25176678733445484,
    0.9775418456473279,
    2.3765941264849818e-20,
    4.2048423942536337e-47,
    0.9953383852680666,
    5.621669911940518e-08,
    0.9980955737934829,
    5.528619197669449e-08,
    0.9864904682878923,
    0.046782964521737476,
    0.8576931476535921,
    0.9809515164446609
  ]
}