{
  "ML01": {
    "risk": "ML01-Adversarial-Examples",
    "metrics": {
      "accuracy_clean": 0.956140350877193,
      "accuracy_fgsm": 0.956140350877193,
      "accuracy_pgd": 0.9385964912280702,
      "robustness_score": 0.9816513761467891
    },
    "risk_level": "low"
  },
  "ML02": {
    "risk": "ML02-Data-Poisoning",
    "metrics": {
      "outlier_fraction": 0.05054945054945055,
      "mean_anomaly_score": -0.11590005390629389,
      "max_anomaly_score": 0.14363837375194255,
      "poisoning_risk_score": 0.11546273847409536
    },
    "risk_level": "low"
  },
  "ML03": {
    "risk": "ML03-Membership-Inference",
    "avg_confidence_gap": 0.0015903553310110397,
    "risk_score": 0.0015903553310110397,
    "risk_level": "low"
  },
  "ML04": {
    "risk": "ML04-Model-Inversion",
    "entropy": 0.12170369278424782,
    "inversion_risk": 0.8782963072157521,
    "risk_level": "high"
  },
  "ML05": {
    "risk": "ML05-Model-Extraction",
    "num_queries": 0,
    "unique_inputs": 0,
    "extraction_risk_score": 0.0
  },
  "ML06_07": {
    "risk": "ML06-07-Supply-Chain",
    "details": {},
    "risk_level": "low"
  },
  "ML08": {
    "risk": "ML08-Data-Drift",
    "details": {
      "per_feature": {
        "mean radius": {
          "psi": 0.28370523661589686,
          "js": 0.014726992772701702
        },
        "mean texture": {
          "psi": 0.18841944265460345,
          "js": 0.012137223855354968
        },
        "mean perimeter": {
          "psi": 0.2751903526581757,
          "js": 0.013872223242066883
        },
        "mean area": {
          "psi": 0.2873864265547239,
          "js": 0.011552831144568246
        },
        "mean smoothness": {
          "psi": 0.14427911046073913,
          "js": 0.01087615875219914
        },
        "mean compactness": {
          "psi": 0.12912943088703038,
          "js": 0.007837625655956415
        },
        "mean concavity": {
          "psi": 0.3267402226033561,
          "js": 0.01808861758983301
        },
        "mean concave points": {
          "psi": 0.06460448479288113,
          "js": 0.007944687681867211
        },
        "mean symmetry": {
          "psi": 0.25076531394073415,
          "js": 0.014291862182468584
        },
        "mean fractal dimension": {
          "psi": 0.09766186333519344,
          "js": 0.007726040700583363
        },
        "radius error": {
          "psi": 0.16782451446718824,
          "js": 0.011269228277346732
        },
        "texture error": {
          "psi": 0.14382131186744276,
          "js": 0.010263417707066451
        },
        "perimeter error": {
          "psi": 0.13432878232690637,
          "js": 0.008477490934849412
        },
        "area error": {
          "psi": 0.09723668658670426,
          "js": 0.007666821127818561
        },
        "smoothness error": {
          "psi": 0.1375831462681866,
          "js": 0.006442671786282639
        },
        "compactness error": {
          "psi": 0.14999323034430465,
          "js": 0.01042387864447807
        },
        "concavity error": {
          "psi": 0.14297107364496192,
          "js": 0.006193130720364467
        },
        "concave points error": {
          "psi": 0.10081613045976714,
          "js": 0.008134241465586504
        },
        "symmetry error": {
          "psi": 0.277647446772884,
          "js": 0.012315494232562927
        },
        "fractal dimension error": {
          "psi": 0.1496634174484584,
          "js": 0.007947488334014305
        },
        "worst radius": {
          "psi": 0.03753159940380842,
          "js": 0.0046539855889135215
        },
        "worst texture": {
          "psi": 0.1405827633410728,
          "js": 0.00949345835049193
        },
        "worst perimeter": {
          "psi": 0.21373229793900914,
          "js": 0.01340665574710697
        },
        "worst area": {
          "psi": 0.12480249088205582,
          "js": 0.012313181672833216
        },
        "worst smoothness": {
          "psi": 0.23642001470559562,
          "js": 0.016838978925137395
        },
        "worst compactness": {
          "psi": 0.2040497454295303,
          "js": 0.008753074367619287
        },
        "worst concavity": {
          "psi": 0.22520268740914326,
          "js": 0.022590917891061033
        },
        "worst concave points": {
          "psi": 0.5928490116679558,
          "js": 0.030355944089736152
        },
        "worst symmetry": {
          "psi": 0.2126881911788697,
          "js": 0.01867372539634842
        },
        "worst fractal dimension": {
          "psi": 0.08204135443801489,
          "js": 0.006140458334187978
        }
      },
      "max_psi": 0.5928490116679558,
      "avg_psi": 0.18732225936950647,
      "max_js": 0.030355944089736152,
      "avg_js": 0.011713616905713516,
      "drift_detected": true
    },
    "risk_level": "high"
  },
  "ML09": {
    "risk": "ML09-Output-Integrity",
    "baseline_size": 114,
    "integrity_indicator": 1
  },
  "ML10": {
    "risk": "ML10-Model-Checkpoint-Signing",
    "signed": false,
    "details": {},
    "risk_level": "high"
  }
}