{
  "outlier_fraction": 0.05054945054945055,
  "mean_anomaly_score": -0.11590005390629389,
  "max_anomaly_score": 0.14363837375194255,
  "poisoning_risk_score": 0.11546273847409536
}